original_relative	target_file	pattern	colors	buckets
44인치/기타/IMG_7980.HEIC	IMG_7980_그레이-아이보리_도비.HEIC	도비	그레이,아이보리	그레이:0.591,아이보리:0.382,차콜:0.026,레드:0.001,베이지:0.001
44인치/기타/IMG_7981.HEIC	IMG_7981_그레이-아이보리_도비.HEIC	도비	그레이,아이보리	그레이:0.790,아이보리:0.186,레드:0.023,핑크:0.000,버건디:0.000
44인치/기타/IMG_7982.HEIC	IMG_7982_그레이-아이보리_도비.HEIC	도비	그레이,아이보리	그레이:0.671,아이보리:0.258,레드:0.037,버건디:0.033
44인치/기타/IMG_7983.HEIC	IMG_7983_그레이-아이보리_도비.HEIC	도비	그레이,아이보리	그레이:0.664,아이보리:0.305,차콜:0.031
44인치/기타/IMG_7984.HEIC	IMG_7984_그레이-아이보리_도비.HEIC	도비	그레이,아이보리	그레이:0.634,아이보리:0.278,레드:0.036,오렌지:0.031,브라운:0.021
44인치/스프트라이프/IMG_7937.HEIC	IMG_7937_블루_스트라이프.HEIC	스트라이프	블루	블루:0.735,네이비:0.229,아이보리:0.020,그레이:0.013,오프화이트:0.002
44인치/스프트라이프/IMG_7938.HEIC	IMG_7938_그레이-블루_스트라이프.HEIC	스트라이프	그레이,블루	그레이:0.303,차콜:0.246,블루:0.200,아이보리:0.135,네이비:0.108
44인치/스프트라이프/IMG_7939.HEIC	IMG_7939_그레이-블루_스트라이프.HEIC	스트라이프	그레이,블루	블루:0.876,그레이:0.082,아이보리:0.042
44인치/스프트라이프/IMG_7940.HEIC	IMG_7940_레드_스트라이프.HEIC	스트라이프	레드	레드:0.718,핑크:0.268,그레이:0.013,아이보리:0.000
44인치/스프트라이프/IMG_7941.HEIC	IMG_7941_레드_스트라이프.HEIC	스트라이프	레드	레드:0.710,버건디:0.283,핑크:0.007
44인치/스프트라이프/IMG_7942.HEIC	IMG_7942_그레이-차콜_스트라이프.HEIC	스트라이프	그레이,차콜	그레이:0.384,차콜:0.341,아이보리:0.260,베이지:0.008,블루:0.004
44인치/스프트라이프/IMG_7943.HEIC	IMG_7943_베이지-브라운_스트라이프.HEIC	스트라이프	베이지,브라운	브라운:0.324,베이지:0.191,그레이:0.151,오렌지:0.147,레드:0.067
44인치/스프트라이프/IMG_7944.HEIC	IMG_7944_그레이-차콜_스트라이프.HEIC	스트라이프	그레이,차콜	그레이:0.398,차콜:0.359,아이보리:0.209,베이지:0.023,블루:0.004
44인치/스프트라이프/IMG_7945.HEIC	IMG_7945_블루_스트라이프.HEIC	스트라이프	블루	블루:0.986,네이비:0.013,아이보리:0.001,그레이:0.000,스카이블루:0.000
44인치/스프트라이프/IMG_7946.HEIC	IMG_7946_블루_스트라이프.HEIC	스트라이프	블루	블루:0.570,네이비:0.335,오프화이트:0.049,아이보리:0.024,그레이:0.014
44인치/스프트라이프/IMG_7947.HEIC	IMG_7947_블루_스트라이프.HEIC	스트라이프	블루	블루:0.549,네이비:0.330,오프화이트:0.032,아이보리:0.032,그레이:0.024
44인치/스프트라이프/IMG_7948.HEIC	IMG_7948_그레이-레드_스트라이프.HEIC	스트라이프	그레이,레드	그레이:0.253,레드:0.241,아이보리:0.207,핑크:0.095,블루:0.066
44인치/스프트라이프/IMG_7949.HEIC	IMG_7949_그레이-네이비_스트라이프.HEIC	스트라이프	그레이,네이비	네이비:0.299,그레이:0.215,블루:0.213,아이보리:0.088,차콜:0.077
44인치/스프트라이프/IMG_7950.HEIC	IMG_7950_차콜-블루_스트라이프.HEIC	스트라이프	차콜,블루	차콜:0.234,그레이:0.203,블랙:0.114,아이보리:0.108,블루:0.099
44인치/스프트라이프/IMG_7951.HEIC	IMG_7951_레드_스트라이프.HEIC	스트라이프	레드	레드:0.472,버건디:0.382,핑크:0.116,블루:0.023,오렌지:0.003
44인치/스프트라이프/IMG_7953.HEIC	IMG_7953_베이지-레드_스트라이프.HEIC	스트라이프	베이지,레드	레드:0.433,버건디:0.388,베이지:0.090,오프화이트:0.072,오렌지:0.009
44인치/스프트라이프/IMG_7954.HEIC	IMG_7954_오프화이트-버건디_스트라이프.HEIC	스트라이프	오프화이트,버건디	오프화이트:0.237,버건디:0.201,그레이:0.122,아이보리:0.113,네이비:0.097
44인치/스프트라이프/IMG_7955.HEIC	IMG_7955_오프화이트-네이비_스트라이프.HEIC	스트라이프	오프화이트,네이비	오프화이트:0.319,네이비:0.305,그레이:0.124,블루:0.115,차콜:0.091
44인치/스프트라이프/IMG_7956.HEIC	IMG_7956_오프화이트-블루_스트라이프.HEIC	스트라이프	오프화이트,블루	오프화이트:0.293,그레이:0.141,블루:0.115,스카이블루:0.113,네이비:0.111
44인치/스프트라이프/IMG_7962.HEIC	IMG_7962_아이보리-스카이블루_스트라이프.HEIC	스트라이프	아이보리,스카이블루	아이보리:0.443,스카이블루:0.231,그레이:0.153,오프화이트:0.097,차콜:0.042
44인치/스프트라이프/IMG_7963.HEIC	IMG_7963_차콜-레드_스트라이프.HEIC	스트라이프	차콜,레드	레드:0.274,차콜:0.209,그레이:0.140,오프화이트:0.128,아이보리:0.098
44인치/스프트라이프/IMG_7964.HEIC	IMG_7964_아이보리-레드_스트라이프.HEIC	스트라이프	아이보리,레드	레드:0.416,버건디:0.237,아이보리:0.135,오프화이트:0.104,핑크:0.103
44인치/스프트라이프/IMG_7965.HEIC	IMG_7965_그레이-아이보리_스트라이프.HEIC	스트라이프	그레이,아이보리	그레이:0.901,아이보리:0.091,레드:0.005,핑크:0.004
44인치/스프트라이프/IMG_7966.HEIC	IMG_7966_레드_스트라이프.HEIC	스트라이프	레드	레드:0.366,네이비:0.317,블루:0.212,핑크:0.076,오프화이트:0.014
44인치/스프트라이프/IMG_7967.HEIC	IMG_7967_레드_스트라이프.HEIC	스트라이프	레드	레드:0.795,버건디:0.107,아이보리:0.069,오렌지:0.010,베이지:0.009
44인치/스프트라이프/IMG_7968.HEIC	IMG_7968_아이보리-브라운_스트라이프.HEIC	스트라이프	아이보리,브라운	브라운:0.299,아이보리:0.252,레드:0.205,오렌지:0.121,오프화이트:0.048
44인치/스프트라이프/IMG_7969.HEIC	IMG_7969_그레이-오렌지_스트라이프.HEIC	스트라이프	그레이,오렌지	그레이:0.402,오렌지:0.296,아이보리:0.248,오프화이트:0.024,베이지:0.016
44인치/스프트라이프/IMG_7970.HEIC	IMG_7970_차콜-블루_스트라이프.HEIC	스트라이프	차콜,블루	차콜:0.422,오프화이트:0.350,그레이:0.065,아이보리:0.058,블루:0.057
44인치/스프트라이프/IMG_7971.HEIC	IMG_7971_그레이-차콜_스트라이프.HEIC	스트라이프	그레이,차콜	그레이:0.650,차콜:0.132,아이보리:0.121,오프화이트:0.069,블루:0.020
44인치/스프트라이프/IMG_7973.HEIC	IMG_7973_블루_스트라이프.HEIC	스트라이프	블루	블루:0.844,네이비:0.093,그레이:0.046,오프화이트:0.009,차콜:0.004
44인치/스프트라이프/IMG_7974.HEIC	IMG_7974_그레이-레드_스트라이프.HEIC	스트라이프	그레이,레드	그레이:0.559,레드:0.202,핑크:0.074,차콜:0.062,아이보리:0.043
44인치/스프트라이프/IMG_7975.HEIC	IMG_7975_그레이-차콜_스트라이프.HEIC	스트라이프	그레이,차콜	그레이:0.620,차콜:0.144,아이보리:0.109,오프화이트:0.083,레드:0.013
44인치/스프트라이프/IMG_7976.HEIC	IMG_7976_스카이블루_스트라이프.HEIC	스트라이프	스카이블루	스카이블루:0.995,블루:0.005
44인치/스프트라이프/IMG_7977.HEIC	IMG_7977_베이지-오렌지_스트라이프.HEIC	스트라이프	베이지,오렌지	오렌지:0.443,베이지:0.400,브라운:0.147,그레이:0.008,차콜:0.002
44인치/스프트라이프/IMG_7978.HEIC	IMG_7978_레드_스트라이프.HEIC	스트라이프	레드	레드:0.814,버건디:0.112,핑크:0.039,퍼플:0.034
44인치/스프트라이프/IMG_7979.HEIC	IMG_7979_그레이-올리브_스트라이프.HEIC	스트라이프	그레이,올리브	올리브:0.540,그레이:0.316,아이보리:0.057,차콜:0.031,그린:0.024
44인치/체크/IMG_7957.HEIC	IMG_7957_오프화이트-버건디_체크.HEIC	체크	오프화이트,버건디	버건디:0.217,레드:0.152,오프화이트:0.135,그레이:0.130,블루:0.115
44인치/체크/IMG_7958.HEIC	IMG_7958_그레이-네이비_체크.HEIC	체크	그레이,네이비	그레이:0.273,네이비:0.269,오프화이트:0.152,블루:0.122,차콜:0.095
44인치/체크/IMG_7959.HEIC	IMG_7959_그레이-블루_체크.HEIC	체크	그레이,블루	그레이:0.288,오프화이트:0.145,차콜:0.140,블루:0.111,브라운:0.105
44인치/체크/IMG_7960.HEIC	IMG_7960_오프화이트-네이비_체크.HEIC	체크	오프화이트,네이비	네이비:0.342,블루:0.327,오프화이트:0.117,그레이:0.109,차콜:0.037
44인치/체크/IMG_7961.HEIC	IMG_7961_오프화이트-스카이블루_체크.HEIC	체크	오프화이트,스카이블루	스카이블루:0.297,그린:0.191,오프화이트:0.167,그레이:0.114,네이비:0.082
44인치/체크/IMG_7985.HEIC	IMG_7985_그레이-레드_체크.HEIC	체크	그레이,레드	레드:0.536,그레이:0.138,아이보리:0.109,베이지:0.094,오렌지:0.044
44인치/체크/IMG_7986.HEIC	IMG_7986_베이지-레드_체크.HEIC	체크	베이지,레드	레드:0.340,베이지:0.166,오렌지:0.155,그레이:0.134,아이보리:0.128
44인치/체크/IMG_7987.HEIC	IMG_7987_아이보리-레드_체크.HEIC	체크	아이보리,레드	레드:0.375,아이보리:0.212,버건디:0.085,오프화이트:0.076,베이지:0.075
44인치/체크/IMG_7988.HEIC	IMG_7988_아이보리-오렌지_체크.HEIC	체크	아이보리,오렌지	아이보리:0.342,그레이:0.145,오렌지:0.115,오프화이트:0.068,블루:0.067
44인치/체크/IMG_7989.HEIC	IMG_7989_오프화이트-블루_체크.HEIC	체크	오프화이트,블루	블루:0.573,네이비:0.223,오프화이트:0.097,그레이:0.068,아이보리:0.018
44인치/체크/IMG_7990.HEIC	IMG_7990_오프화이트-스카이블루_체크.HEIC	체크	오프화이트,스카이블루	스카이블루:0.650,그린:0.153,오프화이트:0.088,블루:0.074,아이보리:0.033
44인치/체크/IMG_7991.HEIC	IMG_7991_블루_체크.HEIC	체크	블루	블루:0.284,오렌지:0.140,네이비:0.120,레드:0.106,브라운:0.092
44인치/체크/IMG_7992.HEIC	IMG_7992_레드_체크.HEIC	체크	레드	레드:0.886,핑크:0.045,버건디:0.043,블루:0.014,오프화이트:0.010
44인치/체크/IMG_7993.HEIC	IMG_7993_블루_체크.HEIC	체크	블루	블루:0.910,아이보리:0.052,그레이:0.021,오프화이트:0.016,레드:0.001
44인치/체크/IMG_7994.HEIC	IMG_7994_블루_체크.HEIC	체크	블루	블루:0.656,네이비:0.295,핑크:0.015,레드:0.014,아이보리:0.008
44인치/체크/IMG_7995.HEIC	IMG_7995_레드_체크.HEIC	체크	레드	레드:0.644,버건디:0.309,핑크:0.021,블루:0.019,오프화이트:0.002
44인치/체크/IMG_7996.HEIC	IMG_7996_그레이-브라운_체크.HEIC	체크	그레이,브라운	브라운:0.285,그레이:0.213,레드:0.141,버건디:0.101,오렌지:0.097
44인치/체크/IMG_7997.HEIC	IMG_7997_베이지-레드_체크.HEIC	체크	베이지,레드	레드:0.346,버건디:0.202,베이지:0.170,그레이:0.094,블루:0.070
44인치/체크/IMG_7998.HEIC	IMG_7998_베이지-버건디_체크.HEIC	체크	베이지,버건디	버건디:0.217,레드:0.184,베이지:0.158,그레이:0.127,네이비:0.097
44인치/체크/IMG_7999.HEIC	IMG_7999_베이지-버건디_체크.HEIC	체크	베이지,버건디	베이지:0.254,버건디:0.217,블루:0.169,레드:0.124,그레이:0.087
44인치/체크/IMG_8001.HEIC	IMG_8001_베이지-올리브_체크.HEIC	체크	베이지,올리브	베이지:0.346,올리브:0.223,오렌지:0.215,옐로:0.131,오프화이트:0.027
44인치/체크/IMG_8002.HEIC	IMG_8002_베이지-레드_체크.HEIC	체크	베이지,레드	레드:0.236,버건디:0.179,네이비:0.116,베이지:0.114,그레이:0.113
44인치/체크/IMG_8003.HEIC	IMG_8003_그레이-네이비_체크.HEIC	체크	그레이,네이비	그레이:0.153,네이비:0.137,블루:0.129,버건디:0.129,오프화이트:0.095
44인치/체크/IMG_8004.HEIC	IMG_8004_베이지-블루_체크.HEIC	체크	베이지,블루	블루:0.346,베이지:0.180,버건디:0.131,네이비:0.086,레드:0.079
44인치/체크/IMG_8005.HEIC	IMG_8005_베이지-올리브_체크.HEIC	체크	베이지,올리브	베이지:0.476,올리브:0.224,오렌지:0.136,옐로:0.104,오프화이트:0.025
44인치/체크/IMG_8006.HEIC	IMG_8006_그레이-레드_체크.HEIC	체크	그레이,레드	레드:0.293,버건디:0.215,그레이:0.120,베이지:0.099,네이비:0.077
44인치/체크/IMG_8007.HEIC	IMG_8007_그레이-레드_체크.HEIC	체크	그레이,레드	레드:0.332,버건디:0.254,그레이:0.131,차콜:0.078,블루:0.043
44인치/체크/IMG_8008.HEIC	IMG_8008_그레이-버건디_체크.HEIC	체크	그레이,버건디	그레이:0.262,버건디:0.186,차콜:0.139,블루:0.093,아이보리:0.088
44인치/체크/IMG_8009.HEIC	IMG_8009_그레이-블루_체크.HEIC	체크	그레이,블루	그레이:0.252,블루:0.235,버건디:0.112,네이비:0.099,아이보리:0.075
44인치/체크/IMG_8010.HEIC	IMG_8010_그레이-네이비_체크.HEIC	체크	그레이,네이비	네이비:0.339,블루:0.282,그레이:0.168,아이보리:0.101,오프화이트:0.041
44인치/체크/IMG_8011.HEIC	IMG_8011_그레이-네이비_체크.HEIC	체크	그레이,네이비	그레이:0.310,네이비:0.158,차콜:0.132,아이보리:0.116,그린:0.116
44인치/체크/IMG_8012.HEIC	IMG_8012_그레이-버건디_체크.HEIC	체크	그레이,버건디	그레이:0.253,버건디:0.189,네이비:0.115,아이보리:0.111,차콜:0.104
44인치/체크/IMG_8013.HEIC	IMG_8013_그레이-버건디_체크.HEIC	체크	그레이,버건디	버건디:0.265,그레이:0.171,레드:0.164,아이보리:0.106,네이비:0.106
44인치/체크/IMG_8014.HEIC	IMG_8014_그레이-블루_체크.HEIC	체크	그레이,블루	그레이:0.300,블루:0.295,네이비:0.155,오프화이트:0.082,차콜:0.081
44인치/체크/IMG_8016.HEIC	IMG_8016_버건디_체크.HEIC	체크	버건디	버건디:0.383,레드:0.295,핑크:0.134,블루:0.117,오프화이트:0.065
58인치/스트라이프/IMG_8021.HEIC	IMG_8021_아이보리-블루_스트라이프.HEIC	스트라이프	아이보리,블루	아이보리:0.468,블루:0.278,그레이:0.132,네이비:0.072,오프화이트:0.050
58인치/스트라이프/IMG_8022.HEIC	IMG_8022_블루_스트라이프.HEIC	스트라이프	블루	블루:0.950,핑크:0.021,오프화이트:0.018,레드:0.009,베이지:0.001
58인치/스트라이프/IMG_8023.HEIC	IMG_8023_버건디_스트라이프.HEIC	스트라이프	버건디	버건디:0.659,레드:0.201,블루:0.088,핑크:0.037,스카이블루:0.011
58인치/스트라이프/IMG_8024.HEIC	IMG_8024_네이비_스트라이프.HEIC	스트라이프	네이비	네이비:0.623,블루:0.297,오프화이트:0.050,베이지:0.016,레드:0.006
58인치/스트라이프/IMG_8025.HEIC	IMG_8025_차콜-네이비_스트라이프.HEIC	스트라이프	차콜,네이비	차콜:0.555,네이비:0.117,그레이:0.107,블루:0.085,아이보리:0.068
58인치/스트라이프/IMG_8026.HEIC	IMG_8026_아이보리-네이비_스트라이프.HEIC	스트라이프	아이보리,네이비	아이보리:0.336,네이비:0.263,블루:0.224,오프화이트:0.172,그레이:0.004
58인치/스트라이프/IMG_8027.HEIC	IMG_8027_아이보리-네이비_스트라이프.HEIC	스트라이프	아이보리,네이비	네이비:0.288,아이보리:0.254,오프화이트:0.190,블루:0.175,레드:0.048
58인치/스트라이프/IMG_8028.HEIC	IMG_8028_오프화이트-버건디_스트라이프.HEIC	스트라이프	오프화이트,버건디	오프화이트:0.333,버건디:0.314,아이보리:0.185,레드:0.130,핑크:0.018
58인치/스트라이프/IMG_8029.HEIC	IMG_8029_오프화이트-블루_스트라이프.HEIC	스트라이프	오프화이트,블루	오프화이트:0.237,블루:0.191,아이보리:0.161,차콜:0.145,네이비:0.126
58인치/스트라이프/IMG_8055.HEIC	IMG_8055_아이보리-블루_스트라이프.HEIC	스트라이프	아이보리,블루	블루:0.251,아이보리:0.249,베이지:0.239,그레이:0.150,오프화이트:0.104
58인치/스트라이프/IMG_8056.HEIC	IMG_8056_아이보리-블루_스트라이프.HEIC	스트라이프	아이보리,블루	아이보리:0.238,그레이:0.196,오프화이트:0.183,베이지:0.166,블루:0.156
58인치/스트라이프/IMG_8057.HEIC	IMG_8057_블루_스트라이프.HEIC	스트라이프	블루	블루:0.657,네이비:0.157,그레이:0.077,레드:0.072,차콜:0.035
58인치/스트라이프/IMG_8058.HEIC	IMG_8058_그레이-블루_스트라이프.HEIC	스트라이프	그레이,블루	블루:0.396,네이비:0.385,그레이:0.137,차콜:0.058,아이보리:0.025
58인치/스트라이프/IMG_8059.HEIC	IMG_8059_네이비_스트라이프.HEIC	스트라이프	네이비	네이비:0.561,블루:0.435,핑크:0.001,오프화이트:0.001,화이트:0.000
58인치/스트라이프/IMG_8060.HEIC	IMG_8060_그레이-블루_스트라이프.HEIC	스트라이프	그레이,블루	블루:0.823,그레이:0.089,아이보리:0.087,오프화이트:0.000,스카이블루:0.000
58인치/스트라이프/IMG_8061.HEIC	IMG_8061_블루_스트라이프.HEIC	스트라이프	블루	블루:0.597,네이비:0.251,오프화이트:0.041,스카이블루:0.041,핑크:0.026
58인치/스트라이프/IMG_8062.HEIC	IMG_8062_네이비_스트라이프.HEIC	스트라이프	네이비	네이비:0.462,레드:0.316,블루:0.152,핑크:0.043,그레이:0.018
58인치/스트라이프/IMG_8063.HEIC	IMG_8063_네이비_스트라이프.HEIC	스트라이프	네이비	네이비:0.436,블루:0.360,브라운:0.050,아이보리:0.039,오프화이트:0.035
58인치/스트라이프/IMG_8064.HEIC	IMG_8064_블루_스트라이프.HEIC	스트라이프	블루	블루:0.909,네이비:0.079,그레이:0.006,차콜:0.006
58인치/스트라이프/IMG_8065.HEIC	IMG_8065_블루_스트라이프.HEIC	스트라이프	블루	블루:0.704,버건디:0.166,레드:0.067,핑크:0.035,네이비:0.010
58인치/스트라이프/IMG_8066.HEIC	IMG_8066_블루_스트라이프.HEIC	스트라이프	블루	블루:0.865,레드:0.099,핑크:0.030,오프화이트:0.004,버건디:0.002
58인치/스트라이프/IMG_8067.HEIC	IMG_8067_그레이-블루_스트라이프.HEIC	스트라이프	그레이,블루	블루:0.417,레드:0.205,네이비:0.204,그레이:0.084,핑크:0.037
58인치/스트라이프/IMG_8068.HEIC	IMG_8068_아이보리-블루_스트라이프.HEIC	스트라이프	아이보리,블루	블루:0.663,아이보리:0.179,그레이:0.158,오프화이트:0.000
58인치/스트라이프/IMG_8069.HEIC	IMG_8069_그레이-블루_스트라이프.HEIC	스트라이프	그레이,블루	그레이:0.275,차콜:0.167,블루:0.145,핑크:0.121,네이비:0.120
58인치/스트라이프/IMG_8070.HEIC	IMG_8070_레드_스트라이프.HEIC	스트라이프	레드	레드:0.467,버건디:0.315,핑크:0.102,블루:0.072,오프화이트:0.035
58인치/스트라이프/IMG_8071.HEIC	IMG_8071_차콜-블루_스트라이프.HEIC	스트라이프	차콜,블루	차콜:0.355,블루:0.258,그레이:0.237,아이보리:0.099,오프화이트:0.040
58인치/옥스포드/IMG_8034.HEIC	IMG_8034_블루_옥스포드.HEIC	옥스포드	블루	블루:1.000
58인치/옥스포드/IMG_8035.HEIC	IMG_8035_그레이_옥스포드.HEIC	옥스포드	그레이	그레이:0.944,차콜:0.054,아이보리:0.002,블루:0.000
58인치/옥스포드/IMG_8036.HEIC	IMG_8036_그레이-블루_옥스포드.HEIC	옥스포드	그레이,블루	블루:0.557,그레이:0.414,차콜:0.029,아이보리:0.000
58인치/옥스포드/IMG_8037.HEIC	IMG_8037_블루_옥스포드.HEIC	옥스포드	블루	블루:1.000
58인치/옥스포드/IMG_8038.HEIC	IMG_8038_블루_옥스포드.HEIC	옥스포드	블루	블루:1.000
58인치/옥스포드/IMG_8039.HEIC	IMG_8039_스카이블루_옥스포드.HEIC	옥스포드	스카이블루	스카이블루:1.000
58인치/옥스포드/IMG_8040.HEIC	IMG_8040_스카이블루_옥스포드.HEIC	옥스포드	스카이블루	스카이블루:1.000
58인치/옥스포드/IMG_8041.HEIC	IMG_8041_그레이_옥스포드.HEIC	옥스포드	그레이	그레이:0.895,아이보리:0.048,오렌지:0.034,베이지:0.012,레드:0.011
58인치/옥스포드/IMG_8042.HEIC	IMG_8042_레드_옥스포드.HEIC	옥스포드	레드	레드:1.000
58인치/옥스포드/IMG_8043.HEIC	IMG_8043_레드_옥스포드.HEIC	옥스포드	레드	레드:1.000
58인치/옥스포드/IMG_8044.HEIC	IMG_8044_베이지-오렌지_옥스포드.HEIC	옥스포드	베이지,오렌지	베이지:0.636,오렌지:0.364
58인치/옥스포드/IMG_8045.HEIC	IMG_8045_레드_옥스포드.HEIC	옥스포드	레드	레드:0.808,오렌지:0.186,베이지:0.005
58인치/옥스포드/IMG_8046.HEIC	IMG_8046_그레이_옥스포드.HEIC	옥스포드	그레이	그레이:1.000
58인치/옥스포드/IMG_8047.HEIC	IMG_8047_그레이_옥스포드.HEIC	옥스포드	그레이	그레이:0.997,아이보리:0.003,레드:0.000,오렌지:0.000
58인치/옥스포드/IMG_8048.HEIC	IMG_8048_레드_옥스포드.HEIC	옥스포드	레드	레드:0.999,버건디:0.001
58인치/옥스포드/IMG_8049.HEIC	IMG_8049_그레이_옥스포드.HEIC	옥스포드	그레이	그레이:0.999,차콜:0.001,버건디:0.000,아이보리:0.000
58인치/옥스포드/IMG_8050.HEIC	IMG_8050_레드_옥스포드.HEIC	옥스포드	레드	레드:1.000
58인치/옥스포드/IMG_8051.HEIC	IMG_8051_베이지-오렌지_옥스포드.HEIC	옥스포드	베이지,오렌지	베이지:0.913,오렌지:0.087
58인치/옥스포드/IMG_8052.HEIC	IMG_8052_오렌지_옥스포드.HEIC	옥스포드	오렌지	오렌지:0.954,베이지:0.046
58인치/옥스포드/IMG_8053.HEIC	IMG_8053_아이보리-그레이_옥스포드.HEIC	옥스포드	아이보리,그레이	아이보리:0.650,그레이:0.350
58인치/옥스포드/IMG_8054.HEIC	IMG_8054_그레이_옥스포드.HEIC	옥스포드	그레이	그레이:1.000
58인치/체크/IMG_8018.HEIC	IMG_8018_블루_체크.HEIC	체크	블루	블루:0.589,네이비:0.390,그레이:0.013,아이보리:0.006,핑크:0.001
58인치/체크/IMG_8019.HEIC	IMG_8019_블루_체크.HEIC	체크	블루	블루:0.988,네이비:0.012,오프화이트:0.001
58인치/체크/IMG_8020.HEIC	IMG_8020_그레이-네이비_체크.HEIC	체크	그레이,네이비	네이비:0.284,그레이:0.229,블루:0.203,차콜:0.152,아이보리:0.103
58인치/체크/IMG_8030.HEIC	IMG_8030_아이보리-블루_체크.HEIC	체크	아이보리,블루	블루:0.465,네이비:0.250,아이보리:0.169,오프화이트:0.115,레드:0.000
58인치/체크/IMG_8031.HEIC	IMG_8031_그레이-네이비_체크.HEIC	체크	그레이,네이비	네이비:0.307,블루:0.262,그레이:0.126,핑크:0.109,오프화이트:0.081
58인치/체크/IMG_8032.HEIC	IMG_8032_오프화이트-레드_체크.HEIC	체크	오프화이트,레드	레드:0.417,버건디:0.323,오프화이트:0.161,아이보리:0.044,핑크:0.041
58인치/체크/IMG_8033.HEIC	IMG_8033_오프화이트-네이비_체크.HEIC	체크	오프화이트,네이비	오프화이트:0.269,그레이:0.237,차콜:0.155,네이비:0.119,아이보리:0.089
58인치/체크/IMG_8072.HEIC	IMG_8072_블루_체크.HEIC	체크	블루	블루:0.605,네이비:0.358,핑크:0.021,레드:0.008,오프화이트:0.005
58인치/체크/IMG_8073.HEIC	IMG_8073_레드_체크.HEIC	체크	레드	레드:0.509,버건디:0.431,핑크:0.043,블루:0.017,오프화이트:0.000
58인치/체크/IMG_8074.HEIC	IMG_8074_차콜-네이비_체크.HEIC	체크	차콜,네이비	차콜:0.305,그레이:0.303,아이보리:0.108,네이비:0.092,오프화이트:0.078
58인치/체크/IMG_8075.HEIC	IMG_8075_그레이-네이비_체크.HEIC	체크	그레이,네이비	네이비:0.345,그레이:0.314,블루:0.180,차콜:0.069,아이보리:0.068
58인치/체크/IMG_8076.HEIC	IMG_8076_블루_체크.HEIC	체크	블루	블루:0.939,아이보리:0.060,오프화이트:0.001,그레이:0.001,핑크:0.000
58인치/체크/IMG_8077.HEIC	IMG_8077_레드_체크.HEIC	체크	레드	레드:0.744,핑크:0.128,아이보리:0.073,그레이:0.055
58인치/체크/IMG_8078.HEIC	IMG_8078_아이보리-오렌지_체크.HEIC	체크	아이보리,오렌지	오렌지:0.438,아이보리:0.185,그레이:0.170,브라운:0.095,베이지:0.050
58인치/체크/IMG_8079.HEIC	IMG_8079_블루_체크.HEIC	체크	블루	블루:0.683,레드:0.189,그레이:0.080,핑크:0.048
58인치/체크/IMG_8081.HEIC	IMG_8081_레드_체크.HEIC	체크	레드	레드:0.799,블루:0.123,그레이:0.072,핑크:0.006,버건디:0.000
58인치/체크/IMG_8082.HEIC	IMG_8082_그레이-블루_체크.HEIC	체크	그레이,블루	블루:0.568,레드:0.147,그레이:0.081,핑크:0.074,퍼플:0.060
58인치/체크/IMG_8083.HEIC	IMG_8083_레드_체크.HEIC	체크	레드	레드:0.614,블루:0.141,버건디:0.116,핑크:0.073,퍼플:0.051
58인치/체크/IMG_8084.HEIC	IMG_8084_아이보리-블루_체크.HEIC	체크	아이보리,블루	블루:0.663,아이보리:0.226,그레이:0.052,핑크:0.038,레드:0.021
58인치/체크/IMG_8085.HEIC	IMG_8085_아이보리-레드_체크.HEIC	체크	아이보리,레드	레드:0.366,아이보리:0.214,핑크:0.165,버건디:0.155,그레이:0.054
58인치/체크/IMG_8086.HEIC	IMG_8086_차콜-블루_체크.HEIC	체크	차콜,블루	차콜:0.367,그레이:0.196,블루:0.188,아이보리:0.109,오프화이트:0.093
58인치/체크/IMG_8087.HEIC	IMG_8087_블루_체크.HEIC	체크	블루	블루:0.498,스카이블루:0.386,네이비:0.066,그레이:0.037,아이보리:0.011
58인치/체크/IMG_8088.HEIC	IMG_8088_블루_체크.HEIC	체크	블루	블루:0.860,네이비:0.098,그레이:0.017,스카이블루:0.017,아이보리:0.005
58인치/체크/IMG_8089.HEIC	IMG_8089_그레이-블루_체크.HEIC	체크	그레이,블루	블루:0.817,그레이:0.116,네이비:0.054,아이보리:0.008,핑크:0.003
58인치/체크/IMG_8090.HEIC	IMG_8090_그레이-블루_체크.HEIC	체크	그레이,블루	블루:0.614,그레이:0.221,차콜:0.070,네이비:0.053,아이보리:0.024
58인치/체크/IMG_8091.HEIC	IMG_8091_그레이-레드_체크.HEIC	체크	그레이,레드	레드:0.464,그레이:0.197,핑크:0.175,버건디:0.076,차콜:0.040
58인치/체크/IMG_8092.HEIC	IMG_8092_그레이-레드_체크.HEIC	체크	그레이,레드	레드:0.516,그레이:0.159,버건디:0.113,핑크:0.104,차콜:0.059
58인치/체크/IMG_8093.HEIC	IMG_8093_그레이-레드_체크.HEIC	체크	그레이,레드	레드:0.233,그레이:0.224,베이지:0.214,오렌지:0.147,차콜:0.056
58인치/체크/IMG_8094.HEIC	IMG_8094_베이지-버건디_체크.HEIC	체크	베이지,버건디	버건디:0.329,베이지:0.209,그레이:0.144,차콜:0.099,아이보리:0.086
58인치/체크/IMG_8095.HEIC	IMG_8095_블루_체크.HEIC	체크	블루	블루:0.255,레드:0.208,버건디:0.157,네이비:0.142,퍼플:0.067
58인치/체크/IMG_8096.HEIC	IMG_8096_그레이-블루_체크.HEIC	체크	그레이,블루	블루:0.354,네이비:0.223,레드:0.127,그레이:0.126,차콜:0.065
